organism,antibiotic,count_full,organism_name,antibiotic_name
16,21,38542,SERRATIA MARCESCENS,Other
7,27,28710,ESCHERICHIA COLI,Trimethoprim/Sulfamethoxazole
7,10,28632,ESCHERICHIA COLI,Ciprofloxacin
7,14,28575,ESCHERICHIA COLI,Gentamicin
7,2,28306,ESCHERICHIA COLI,Ampicillin
7,24,27055,ESCHERICHIA COLI,Piperacillin/Tazobactam
7,16,26406,ESCHERICHIA COLI,Levofloxacin
7,5,26322,ESCHERICHIA COLI,Cefazolin
7,9,25852,ESCHERICHIA COLI,Ceftriaxone
7,18,25182,ESCHERICHIA COLI,Meropenem
7,12,24179,ESCHERICHIA COLI,Ertapenem
7,8,24132,ESCHERICHIA COLI,Ceftazidime
7,25,23134,ESCHERICHIA COLI,Tetracycline
7,7,21876,ESCHERICHIA COLI,Cefoxitin
7,1,21007,ESCHERICHIA COLI,Amoxicillin/Clavulanic Acid
7,20,18532,ESCHERICHIA COLI,Nitrofurantoin
7,0,17985,ESCHERICHIA COLI,Amikacin
16,10,15592,SERRATIA MARCESCENS,Ciprofloxacin
16,16,15586,SERRATIA MARCESCENS,Levofloxacin
16,24,15565,SERRATIA MARCESCENS,Piperacillin/Tazobactam
16,8,15416,SERRATIA MARCESCENS,Ceftazidime
16,4,15390,SERRATIA MARCESCENS,Aztreonam
16,19,15315,SERRATIA MARCESCENS,Moxifloxacin
7,26,14201,ESCHERICHIA COLI,Tobramycin
7,6,11033,ESCHERICHIA COLI,Cefepime
7,21,10351,ESCHERICHIA COLI,Other
9,21,10262,KLEBSIELLA PNEUMONIAE,Other
9,2,10228,KLEBSIELLA PNEUMONIAE,Ampicillin
9,27,10228,KLEBSIELLA PNEUMONIAE,Trimethoprim/Sulfamethoxazole
9,14,10225,KLEBSIELLA PNEUMONIAE,Gentamicin
9,10,10218,KLEBSIELLA PNEUMONIAE,Ciprofloxacin
9,24,10003,KLEBSIELLA PNEUMONIAE,Piperacillin/Tazobactam
15,26,10000,PSEUDOMONAS AERUGINOSA,Tobramycin
9,16,9823,KLEBSIELLA PNEUMONIAE,Levofloxacin
9,5,9693,KLEBSIELLA PNEUMONIAE,Cefazolin
7,3,9390,ESCHERICHIA COLI,Ampicillin/Sulbactam
15,6,9238,PSEUDOMONAS AERUGINOSA,Cefepime
15,0,9204,PSEUDOMONAS AERUGINOSA,Amikacin
15,14,9029,PSEUDOMONAS AERUGINOSA,Gentamicin
7,4,8904,ESCHERICHIA COLI,Aztreonam
15,24,8872,PSEUDOMONAS AERUGINOSA,Piperacillin/Tazobactam
9,9,8711,KLEBSIELLA PNEUMONIAE,Ceftriaxone
15,8,8486,PSEUDOMONAS AERUGINOSA,Ceftazidime
9,18,8400,KLEBSIELLA PNEUMONIAE,Meropenem
9,1,8179,KLEBSIELLA PNEUMONIAE,Amoxicillin/Clavulanic Acid
9,12,8136,KLEBSIELLA PNEUMONIAE,Ertapenem
7,15,8130,ESCHERICHIA COLI,Imipenem
16,27,7936,SERRATIA MARCESCENS,Trimethoprim/Sulfamethoxazole
16,14,7936,SERRATIA MARCESCENS,Gentamicin
9,0,7928,KLEBSIELLA PNEUMONIAE,Amikacin
16,2,7913,SERRATIA MARCESCENS,Ampicillin
16,3,7912,SERRATIA MARCESCENS,Ampicillin/Sulbactam
9,8,7901,KLEBSIELLA PNEUMONIAE,Ceftazidime
16,5,7861,SERRATIA MARCESCENS,Cefazolin
16,9,7760,SERRATIA MARCESCENS,Ceftriaxone
16,7,7748,SERRATIA MARCESCENS,Cefoxitin
16,18,7746,SERRATIA MARCESCENS,Meropenem
16,6,7735,SERRATIA MARCESCENS,Cefepime
9,25,7717,KLEBSIELLA PNEUMONIAE,Tetracycline
16,0,7677,SERRATIA MARCESCENS,Amikacin
16,1,7677,SERRATIA MARCESCENS,Amoxicillin/Clavulanic Acid
16,12,7677,SERRATIA MARCESCENS,Ertapenem
16,25,7676,SERRATIA MARCESCENS,Tetracycline
16,26,7668,SERRATIA MARCESCENS,Tobramycin
9,26,7398,KLEBSIELLA PNEUMONIAE,Tobramycin
9,7,6964,KLEBSIELLA PNEUMONIAE,Cefoxitin
7,19,6803,ESCHERICHIA COLI,Moxifloxacin
15,10,6777,PSEUDOMONAS AERUGINOSA,Ciprofloxacin
12,2,5808,OTHER,Ampicillin
15,16,5463,PSEUDOMONAS AERUGINOSA,Levofloxacin
15,18,4970,PSEUDOMONAS AERUGINOSA,Meropenem
12,23,4778,OTHER,Penicillin
12,28,4510,OTHER,Vancomycin
15,21,4346,PSEUDOMONAS AERUGINOSA,Other
6,2,4327,ENTEROCOCCUS SPECIES,Ampicillin
6,25,4309,ENTEROCOCCUS SPECIES,Tetracycline
6,16,4306,ENTEROCOCCUS SPECIES,Levofloxacin
6,20,4240,ENTEROCOCCUS SPECIES,Nitrofurantoin
12,27,4059,OTHER,Trimethoprim/Sulfamethoxazole
12,10,3980,OTHER,Ciprofloxacin
12,16,3940,OTHER,Levofloxacin
9,6,3792,KLEBSIELLA PNEUMONIAE,Cefepime
6,10,3398,ENTEROCOCCUS SPECIES,Ciprofloxacin
12,14,3389,OTHER,Gentamicin
9,3,3283,KLEBSIELLA PNEUMONIAE,Ampicillin/Sulbactam
12,5,3162,OTHER,Cefazolin
9,20,3155,KLEBSIELLA PNEUMONIAE,Nitrofurantoin
18,28,3131,STAPHYLOCOCCUS AUREUS,Vancomycin
18,27,3129,STAPHYLOCOCCUS AUREUS,Trimethoprim/Sulfamethoxazole
9,4,3124,KLEBSIELLA PNEUMONIAE,Aztreonam
12,18,3122,OTHER,Meropenem
12,21,3082,OTHER,Other
18,13,3080,STAPHYLOCOCCUS AUREUS,Erythromycin
18,11,3073,STAPHYLOCOCCUS AUREUS,Clindamycin
18,23,3049,STAPHYLOCOCCUS AUREUS,Penicillin
18,14,3047,STAPHYLOCOCCUS AUREUS,Gentamicin
12,9,2945,OTHER,Ceftriaxone
18,22,2922,STAPHYLOCOCCUS AUREUS,Oxacillin
9,15,2862,KLEBSIELLA PNEUMONIAE,Imipenem
12,8,2806,OTHER,Ceftazidime
11,21,2750,MUCOID PSEUDOMONAS AERUGINOSA,Other
12,12,2435,OTHER,Ertapenem
9,19,2229,KLEBSIELLA PNEUMONIAE,Moxifloxacin
12,7,2193,OTHER,Cefoxitin
13,27,2109,PROTEUS MIRABILIS,Trimethoprim/Sulfamethoxazole
13,2,2105,PROTEUS MIRABILIS,Ampicillin
13,10,2085,PROTEUS MIRABILIS,Ciprofloxacin
12,24,2069,OTHER,Piperacillin/Tazobactam
13,24,1994,PROTEUS MIRABILIS,Piperacillin/Tazobactam
13,14,1984,PROTEUS MIRABILIS,Gentamicin
13,9,1978,PROTEUS MIRABILIS,Ceftriaxone
4,14,1973,ENTEROBACTER CLOACAE COMPLEX,Gentamicin
4,8,1973,ENTEROBACTER CLOACAE COMPLEX,Ceftazidime
4,24,1973,ENTEROBACTER CLOACAE COMPLEX,Piperacillin/Tazobactam
4,10,1973,ENTEROBACTER CLOACAE COMPLEX,Ciprofloxacin
4,27,1973,ENTEROBACTER CLOACAE COMPLEX,Trimethoprim/Sulfamethoxazole
15,15,1971,PSEUDOMONAS AERUGINOSA,Imipenem
4,9,1967,ENTEROBACTER CLOACAE COMPLEX,Ceftriaxone
4,7,1929,ENTEROBACTER CLOACAE COMPLEX,Cefoxitin
12,11,1928,OTHER,Clindamycin
6,23,1926,ENTEROCOCCUS SPECIES,Penicillin
4,16,1899,ENTEROBACTER CLOACAE COMPLEX,Levofloxacin
6,28,1878,ENTEROCOCCUS SPECIES,Vancomycin
12,3,1854,OTHER,Ampicillin/Sulbactam
6,17,1844,ENTEROCOCCUS SPECIES,Linezolid
13,18,1835,PROTEUS MIRABILIS,Meropenem
13,0,1811,PROTEUS MIRABILIS,Amikacin
4,18,1781,ENTEROBACTER CLOACAE COMPLEX,Meropenem
17,21,1780,STAPH AUREUS {MRSA},Other
13,8,1764,PROTEUS MIRABILIS,Ceftazidime
4,21,1658,ENTEROBACTER CLOACAE COMPLEX,Other
13,12,1648,PROTEUS MIRABILIS,Ertapenem
13,16,1645,PROTEUS MIRABILIS,Levofloxacin
13,25,1611,PROTEUS MIRABILIS,Tetracycline
12,0,1592,OTHER,Amikacin
6,21,1580,ENTEROCOCCUS SPECIES,Other
13,20,1522,PROTEUS MIRABILIS,Nitrofurantoin
13,1,1478,PROTEUS MIRABILIS,Amoxicillin/Clavulanic Acid
11,26,1455,MUCOID PSEUDOMONAS AERUGINOSA,Tobramycin
11,8,1455,MUCOID PSEUDOMONAS AERUGINOSA,Ceftazidime
13,7,1450,PROTEUS MIRABILIS,Cefoxitin
13,5,1444,PROTEUS MIRABILIS,Cefazolin
18,25,1400,STAPHYLOCOCCUS AUREUS,Tetracycline
12,13,1375,OTHER,Erythromycin
12,15,1343,OTHER,Imipenem
18,19,1343,STAPHYLOCOCCUS AUREUS,Moxifloxacin
11,10,1342,MUCOID PSEUDOMONAS AERUGINOSA,Ciprofloxacin
18,17,1331,STAPHYLOCOCCUS AUREUS,Linezolid
11,18,1331,MUCOID PSEUDOMONAS AERUGINOSA,Meropenem
11,4,1310,MUCOID PSEUDOMONAS AERUGINOSA,Aztreonam
12,25,1283,OTHER,Tetracycline
3,22,1275,COAG NEGATIVE STAPHYLOCOCCUS,Oxacillin
4,2,1266,ENTEROBACTER CLOACAE COMPLEX,Ampicillin
4,3,1266,ENTEROBACTER CLOACAE COMPLEX,Ampicillin/Sulbactam
3,13,1266,COAG NEGATIVE STAPHYLOCOCCUS,Erythromycin
3,28,1265,COAG NEGATIVE STAPHYLOCOCCUS,Vancomycin
3,27,1265,COAG NEGATIVE STAPHYLOCOCCUS,Trimethoprim/Sulfamethoxazole
13,26,1264,PROTEUS MIRABILIS,Tobramycin
3,11,1264,COAG NEGATIVE STAPHYLOCOCCUS,Clindamycin
18,16,1263,STAPHYLOCOCCUS AUREUS,Levofloxacin
4,1,1220,ENTEROBACTER CLOACAE COMPLEX,Amoxicillin/Clavulanic Acid
15,4,1217,PSEUDOMONAS AERUGINOSA,Aztreonam
11,0,1211,MUCOID PSEUDOMONAS AERUGINOSA,Amikacin
4,5,1180,ENTEROBACTER CLOACAE COMPLEX,Cefazolin
18,21,1180,STAPHYLOCOCCUS AUREUS,Other
12,1,1157,OTHER,Amoxicillin/Clavulanic Acid
12,6,1146,OTHER,Cefepime
3,23,1088,COAG NEGATIVE STAPHYLOCOCCUS,Penicillin
3,14,1082,COAG NEGATIVE STAPHYLOCOCCUS,Gentamicin
4,12,1073,ENTEROBACTER CLOACAE COMPLEX,Ertapenem
3,16,1070,COAG NEGATIVE STAPHYLOCOCCUS,Levofloxacin
3,19,1068,COAG NEGATIVE STAPHYLOCOCCUS,Moxifloxacin
3,25,1063,COAG NEGATIVE STAPHYLOCOCCUS,Tetracycline
3,17,1063,COAG NEGATIVE STAPHYLOCOCCUS,Linezolid
4,0,1043,ENTEROBACTER CLOACAE COMPLEX,Amikacin
12,20,1016,OTHER,Nitrofurantoin
4,25,1011,ENTEROBACTER CLOACAE COMPLEX,Tetracycline
4,26,999,ENTEROBACTER CLOACAE COMPLEX,Tobramycin
11,6,959,MUCOID PSEUDOMONAS AERUGINOSA,Cefepime
17,28,905,STAPH AUREUS {MRSA},Vancomycin
17,22,905,STAPH AUREUS {MRSA},Oxacillin
17,27,905,STAPH AUREUS {MRSA},Trimethoprim/Sulfamethoxazole
17,25,905,STAPH AUREUS {MRSA},Tetracycline
17,17,905,STAPH AUREUS {MRSA},Linezolid
12,26,883,OTHER,Tobramycin
17,13,860,STAPH AUREUS {MRSA},Erythromycin
5,2,855,ENTEROCOCCUS FAECALIS,Ampicillin
17,11,853,STAPH AUREUS {MRSA},Clindamycin
11,15,824,MUCOID PSEUDOMONAS AERUGINOSA,Imipenem
4,6,789,ENTEROBACTER CLOACAE COMPLEX,Cefepime
11,24,772,MUCOID PSEUDOMONAS AERUGINOSA,Piperacillin/Tazobactam
5,28,770,ENTEROCOCCUS FAECALIS,Vancomycin
11,16,722,MUCOID PSEUDOMONAS AERUGINOSA,Levofloxacin
12,4,697,OTHER,Aztreonam
5,17,692,ENTEROCOCCUS FAECALIS,Linezolid
5,25,681,ENTEROCOCCUS FAECALIS,Tetracycline
5,20,681,ENTEROCOCCUS FAECALIS,Nitrofurantoin
5,10,681,ENTEROCOCCUS FAECALIS,Ciprofloxacin
12,17,631,OTHER,Linezolid
17,5,615,STAPH AUREUS {MRSA},Cefazolin
1,10,577,CITROBACTER FREUNDII COMPLEX,Ciprofloxacin
1,20,577,CITROBACTER FREUNDII COMPLEX,Nitrofurantoin
1,27,577,CITROBACTER FREUNDII COMPLEX,Trimethoprim/Sulfamethoxazole
1,14,577,CITROBACTER FREUNDII COMPLEX,Gentamicin
1,8,577,CITROBACTER FREUNDII COMPLEX,Ceftazidime
1,5,577,CITROBACTER FREUNDII COMPLEX,Cefazolin
1,9,577,CITROBACTER FREUNDII COMPLEX,Ceftriaxone
1,12,575,CITROBACTER FREUNDII COMPLEX,Ertapenem
1,0,575,CITROBACTER FREUNDII COMPLEX,Amikacin
1,18,575,CITROBACTER FREUNDII COMPLEX,Meropenem
4,4,568,ENTEROBACTER CLOACAE COMPLEX,Aztreonam
1,1,563,CITROBACTER FREUNDII COMPLEX,Amoxicillin/Clavulanic Acid
1,7,563,CITROBACTER FREUNDII COMPLEX,Cefoxitin
1,26,561,CITROBACTER FREUNDII COMPLEX,Tobramycin
19,23,558,STREPTOCOCCUS AGALACTIAE (GROUP B),Penicillin
1,16,556,CITROBACTER FREUNDII COMPLEX,Levofloxacin
19,11,556,STREPTOCOCCUS AGALACTIAE (GROUP B),Clindamycin
4,15,554,ENTEROBACTER CLOACAE COMPLEX,Imipenem
2,27,552,CITROBACTER KOSERI,Trimethoprim/Sulfamethoxazole
2,9,552,CITROBACTER KOSERI,Ceftriaxone
2,10,552,CITROBACTER KOSERI,Ciprofloxacin
2,24,552,CITROBACTER KOSERI,Piperacillin/Tazobactam
2,14,552,CITROBACTER KOSERI,Gentamicin
2,1,550,CITROBACTER KOSERI,Amoxicillin/Clavulanic Acid
2,16,550,CITROBACTER KOSERI,Levofloxacin
13,6,539,PROTEUS MIRABILIS,Cefepime
1,24,537,CITROBACTER FREUNDII COMPLEX,Piperacillin/Tazobactam
19,16,534,STREPTOCOCCUS AGALACTIAE (GROUP B),Levofloxacin
19,28,525,STREPTOCOCCUS AGALACTIAE (GROUP B),Vancomycin
2,12,518,CITROBACTER KOSERI,Ertapenem
2,18,518,CITROBACTER KOSERI,Meropenem
2,0,515,CITROBACTER KOSERI,Amikacin
2,8,515,CITROBACTER KOSERI,Ceftazidime
2,25,513,CITROBACTER KOSERI,Tetracycline
2,7,513,CITROBACTER KOSERI,Cefoxitin
19,13,481,STREPTOCOCCUS AGALACTIAE (GROUP B),Erythromycin
2,5,478,CITROBACTER KOSERI,Cefazolin
4,20,470,ENTEROBACTER CLOACAE COMPLEX,Nitrofurantoin
2,20,457,CITROBACTER KOSERI,Nitrofurantoin
17,19,410,STAPH AUREUS {MRSA},Moxifloxacin
4,19,392,ENTEROBACTER CLOACAE COMPLEX,Moxifloxacin
13,3,375,PROTEUS MIRABILIS,Ampicillin/Sulbactam
13,4,370,PROTEUS MIRABILIS,Aztreonam
12,19,297,OTHER,Moxifloxacin
17,23,290,STAPH AUREUS {MRSA},Penicillin
17,16,290,STAPH AUREUS {MRSA},Levofloxacin
17,14,290,STAPH AUREUS {MRSA},Gentamicin
14,27,276,PROVIDENCIA RETTGERI,Trimethoprim/Sulfamethoxazole
14,20,276,PROVIDENCIA RETTGERI,Nitrofurantoin
14,12,276,PROVIDENCIA RETTGERI,Ertapenem
14,0,276,PROVIDENCIA RETTGERI,Amikacin
14,10,276,PROVIDENCIA RETTGERI,Ciprofloxacin
14,14,276,PROVIDENCIA RETTGERI,Gentamicin
14,24,276,PROVIDENCIA RETTGERI,Piperacillin/Tazobactam
14,8,276,PROVIDENCIA RETTGERI,Ceftazidime
14,9,276,PROVIDENCIA RETTGERI,Ceftriaxone
14,2,276,PROVIDENCIA RETTGERI,Ampicillin
14,5,276,PROVIDENCIA RETTGERI,Cefazolin
14,26,271,PROVIDENCIA RETTGERI,Tobramycin
14,25,271,PROVIDENCIA RETTGERI,Tetracycline
14,18,271,PROVIDENCIA RETTGERI,Meropenem
14,7,271,PROVIDENCIA RETTGERI,Cefoxitin
14,16,259,PROVIDENCIA RETTGERI,Levofloxacin
5,21,246,ENTEROCOCCUS FAECALIS,Other
0,27,221,ACHROMOBACTER XYLOSOXIDANS,Trimethoprim/Sulfamethoxazole
0,0,217,ACHROMOBACTER XYLOSOXIDANS,Amikacin
5,23,210,ENTEROCOCCUS FAECALIS,Penicillin
0,18,210,ACHROMOBACTER XYLOSOXIDANS,Meropenem
0,8,209,ACHROMOBACTER XYLOSOXIDANS,Ceftazidime
0,4,205,ACHROMOBACTER XYLOSOXIDANS,Aztreonam
0,6,205,ACHROMOBACTER XYLOSOXIDANS,Cefepime
0,10,205,ACHROMOBACTER XYLOSOXIDANS,Ciprofloxacin
0,24,204,ACHROMOBACTER XYLOSOXIDANS,Piperacillin/Tazobactam
0,14,198,ACHROMOBACTER XYLOSOXIDANS,Gentamicin
0,26,198,ACHROMOBACTER XYLOSOXIDANS,Tobramycin
10,18,196,MORGANELLA MORGANII,Meropenem
10,5,196,MORGANELLA MORGANII,Cefazolin
10,0,196,MORGANELLA MORGANII,Amikacin
10,9,196,MORGANELLA MORGANII,Ceftriaxone
10,12,196,MORGANELLA MORGANII,Ertapenem
10,14,196,MORGANELLA MORGANII,Gentamicin
10,2,196,MORGANELLA MORGANII,Ampicillin
10,27,196,MORGANELLA MORGANII,Trimethoprim/Sulfamethoxazole
10,10,192,MORGANELLA MORGANII,Ciprofloxacin
10,8,189,MORGANELLA MORGANII,Ceftazidime
10,24,189,MORGANELLA MORGANII,Piperacillin/Tazobactam
10,25,184,MORGANELLA MORGANII,Tetracycline
10,1,184,MORGANELLA MORGANII,Amoxicillin/Clavulanic Acid
10,26,184,MORGANELLA MORGANII,Tobramycin
10,20,184,MORGANELLA MORGANII,Nitrofurantoin
0,15,172,ACHROMOBACTER XYLOSOXIDANS,Imipenem
3,5,167,COAG NEGATIVE STAPHYLOCOCCUS,Cefazolin
1,25,165,CITROBACTER FREUNDII COMPLEX,Tetracycline
10,16,164,MORGANELLA MORGANII,Levofloxacin
18,10,148,STAPHYLOCOCCUS AUREUS,Ciprofloxacin
2,26,123,CITROBACTER KOSERI,Tobramycin
5,16,121,ENTEROCOCCUS FAECALIS,Levofloxacin
10,7,108,MORGANELLA MORGANII,Cefoxitin
8,10,91,KLEBSIELLA OXYTOCA,Ciprofloxacin
8,14,91,KLEBSIELLA OXYTOCA,Gentamicin
8,24,91,KLEBSIELLA OXYTOCA,Piperacillin/Tazobactam
8,2,91,KLEBSIELLA OXYTOCA,Ampicillin
8,16,91,KLEBSIELLA OXYTOCA,Levofloxacin
8,27,91,KLEBSIELLA OXYTOCA,Trimethoprim/Sulfamethoxazole
8,5,90,KLEBSIELLA OXYTOCA,Cefazolin
8,9,79,KLEBSIELLA OXYTOCA,Ceftriaxone
18,5,76,STAPHYLOCOCCUS AUREUS,Cefazolin
8,20,76,KLEBSIELLA OXYTOCA,Nitrofurantoin
0,16,72,ACHROMOBACTER XYLOSOXIDANS,Levofloxacin
16,15,72,SERRATIA MARCESCENS,Imipenem
8,1,70,KLEBSIELLA OXYTOCA,Amoxicillin/Clavulanic Acid
11,14,69,MUCOID PSEUDOMONAS AERUGINOSA,Gentamicin
8,18,64,KLEBSIELLA OXYTOCA,Meropenem
2,6,59,CITROBACTER KOSERI,Cefepime
8,8,55,KLEBSIELLA OXYTOCA,Ceftazidime
8,0,55,KLEBSIELLA OXYTOCA,Amikacin
8,12,55,KLEBSIELLA OXYTOCA,Ertapenem
8,26,55,KLEBSIELLA OXYTOCA,Tobramycin
8,25,55,KLEBSIELLA OXYTOCA,Tetracycline
8,7,52,KLEBSIELLA OXYTOCA,Cefoxitin
12,22,49,OTHER,Oxacillin
10,21,48,MORGANELLA MORGANII,Other
17,20,45,STAPH AUREUS {MRSA},Nitrofurantoin
2,21,43,CITROBACTER KOSERI,Other
19,17,29,STREPTOCOCCUS AGALACTIAE (GROUP B),Linezolid
19,9,29,STREPTOCOCCUS AGALACTIAE (GROUP B),Ceftriaxone
8,21,27,KLEBSIELLA OXYTOCA,Other
2,4,25,CITROBACTER KOSERI,Aztreonam
10,4,24,MORGANELLA MORGANII,Aztreonam
8,6,24,KLEBSIELLA OXYTOCA,Cefepime
16,20,23,SERRATIA MARCESCENS,Nitrofurantoin
2,3,23,CITROBACTER KOSERI,Ampicillin/Sulbactam
2,2,23,CITROBACTER KOSERI,Ampicillin
2,19,20,CITROBACTER KOSERI,Moxifloxacin
2,15,20,CITROBACTER KOSERI,Imipenem
10,3,18,MORGANELLA MORGANII,Ampicillin/Sulbactam
10,6,18,MORGANELLA MORGANII,Cefepime
1,4,14,CITROBACTER FREUNDII COMPLEX,Aztreonam
10,19,12,MORGANELLA MORGANII,Moxifloxacin
13,21,11,PROTEUS MIRABILIS,Other
8,3,10,KLEBSIELLA OXYTOCA,Ampicillin/Sulbactam
8,4,9,KLEBSIELLA OXYTOCA,Aztreonam
8,15,9,KLEBSIELLA OXYTOCA,Imipenem
13,15,7,PROTEUS MIRABILIS,Imipenem
0,21,5,ACHROMOBACTER XYLOSOXIDANS,Other
0,9,5,ACHROMOBACTER XYLOSOXIDANS,Ceftriaxone
14,4,5,PROVIDENCIA RETTGERI,Aztreonam
14,3,5,PROVIDENCIA RETTGERI,Ampicillin/Sulbactam
0,3,5,ACHROMOBACTER XYLOSOXIDANS,Ampicillin/Sulbactam
14,6,5,PROVIDENCIA RETTGERI,Cefepime
1,6,4,CITROBACTER FREUNDII COMPLEX,Cefepime
18,20,4,STAPHYLOCOCCUS AUREUS,Nitrofurantoin
3,21,1,COAG NEGATIVE STAPHYLOCOCCUS,Other
3,20,1,COAG NEGATIVE STAPHYLOCOCCUS,Nitrofurantoin
